Yahoo Symbol,Name,Exchange,Currency,Price Unit
0753.HK,Air China Limited,HKSE,HKD,Hong Kong dollars
0857.HK,PetroChina Company Limited,HKSE,HKD,Hong Kong dollars
0P0001RPVA.L,HSBC Shariah Multi Asset BC GBP,LSE,GBP,Pounds (GBP)
1772.HK,"Ganfeng Lithium Group Co., Ltd.",HKSE,HKD,Hong Kong dollars
3AMD.L,Leverage Shares 3x AMD ETP Securities,LSE,GBP,Pence (GBp)
3ARM.L,Leverage Shares 3x Long ARM ETP Securities,LSE,GBP,Pence (GBp)
3FB.L,Leverage Shares 3x Facebook ETP Securities,LSE,GBP,Pence (GBp)
3GOO.L,Leverage Shares 3x Alphabet ETP Securities,LSE,GBP,Pence (GBp)
3IN.L,3i Infrastructure plc,LSE,GBP,Pence (GBp)
3LFP.L,GraniteShares 3x Long Facebook Daily ETP,LSE,GBP,Pence (GBp)
3LMP.L,GraniteShares 3x Long Microsoft Daily ETP,LSE,GBP,Pence (GBp)
3LSI.L,WisdomTree Silver 3x Daily Leveraged,LSE,GBP,Pence (GBp)
3MSF.L,Leverage Shares 3x Microsoft ETP Securities,LSE,GBP,Pence (GBp)
3MST.L,Leverage Shares 3x Long MicroStrategy (MSTR) ETP,LSE,GBP,Pence (GBp)
3NVD.L,Leverage Shares 3x NVIDIA ETP Securities,LSE,GBP,Pence (GBp)
3SND.L,Leverage Shares 3x Long SanDisk (SNDK) ETP,LSE,GBP,Pence (GBp)
3TSM.L,Leverage Shares 3x Long Taiwan Semiconductor (TSM) ETP Securities,LSE,GBP,Pence (GBp)
3UBR.L,Leverage Shares 3x Uber ETP Securities,LSE,GBP,Pence (GBp)
8002.T,Marubeni Corporation,Tokyo,JPY,Japanese yen
AAF.L,Airtel Africa Plc,LSE,GBP,Pence (GBp)
AAL,American Airlines Group Inc.,NasdaqGS,USD,US dollars
AAL.L,Anglo American plc,LSE,GBP,Pence (GBp)
AAON,"AAON, Inc.",NasdaqGS,USD,US dollars
AAPL,Apple Inc.,NasdaqGS,USD,US dollars
ABBV,AbbVie Inc.,NYSE,USD,US dollars
ABF.L,Associated British Foods plc,LSE,GBP,Pence (GBp)
ABNB,"Airbnb, Inc.",NasdaqGS,USD,US dollars
ACMR,"ACM Research, Inc.",NasdaqGM,USD,US dollars
ACN,Accenture plc,NYSE,USD,US dollars
ADAM,"Adamas Trust, Inc.",NasdaqGS,USD,US dollars
ADBE,Adobe Inc.,NasdaqGS,USD,US dollars
ADC,Agree Realty Corporation,NYSE,USD,US dollars
ADM,Archer-Daniels-Midland Company,NYSE,USD,US dollars
ADP,"Automatic Data Processing, Inc.",NasdaqGS,USD,US dollars
AEP,"American Electric Power Company, Inc.",NasdaqGS,USD,US dollars
AES,The AES Corporation,NYSE,USD,US dollars
AEWU.L,AEW UK REIT Ord,LSE,GBP,Pence (GBp)
AF.PA,Air France-KLM SA,Paris,EUR,Euros
AFL,Aflac Incorporated,NYSE,USD,US dollars
AFRM,"Affirm Holdings, Inc.",NasdaqGS,USD,US dollars
AGAP.L,WisdomTree Agriculture,LSE,GBP,Pence (GBp)
AGNC,AGNC Investment Corp.,NasdaqGS,USD,US dollars
AI,"C3.ai, Inc.",NYSE,USD,US dollars
AIAG.L,L&G Artificial Intelligence UCITS ETF,LSE,GBP,Pence (GBp)
AIE.L,Ashoka India Equity Investment Ord,LSE,GBP,Pence (GBp)
AINF.L,iShares AI Infrastructure UCITS ETF USD (Acc),LSE,GBP,Pounds (GBP)
AIRE,reAlpha Tech Corp.,NasdaqCM,USD,US dollars
AKAM,"Akamai Technologies, Inc.",NasdaqGS,USD,US dollars
AMAP.L,Saturna Al-Kawthar Global Focused Equity UCITS ETF,LSE,GBP,Pence (GBp)
AMAT,"Applied Materials, Inc.",NasdaqGS,USD,US dollars
AMC,"AMC Entertainment Holdings, Inc.",NYSE,USD,US dollars
AMD,"Advanced Micro Devices, Inc.",NasdaqGS,USD,US dollars
AMSC,American Superconductor Corporation,NasdaqGS,USD,US dollars
AMZN,"Amazon.com, Inc.",NasdaqGS,USD,US dollars
ANF,Abercrombie & Fitch Co.,NYSE,USD,US dollars
APLD,Applied Digital Corporation,NasdaqGS,USD,US dollars
ARQQ,Arqit Quantum Inc.,NasdaqCM,USD,US dollars
ASAN,"Asana, Inc.",NYSE,USD,US dollars
ASC.L,ASOS Plc,LSE,GBP,Pence (GBp)
ASCI,abrdn International Small Cap Active ETF,NasdaqGM,USD,US dollars
ASLI.L,abrdn European Logistics Income PLC,LSE,GBP,Pence (GBp)
ASML,ASML Holding N.V.,NasdaqGS,USD,US dollars
ASML.AS,ASML Holding N.V.,Amsterdam,EUR,Euros
ASTC,Astrotech Corporation,NasdaqCM,USD,US dollars
ATO,Atmos Energy Corporation,NYSE,USD,US dollars
ATOM.L,Atome Plc,LSE,GBP,Pence (GBp)
AV.L,Aviva plc,LSE,GBP,Pence (GBp)
AVGO,Broadcom Inc.,NasdaqGS,USD,US dollars
AXP,American Express Company,NYSE,USD,US dollars
AZN.L,AstraZeneca PLC,LSE,GBP,Pence (GBp)
BA,The Boeing Company,NYSE,USD,US dollars
BABA,Alibaba Group Holding Limited,NYSE,USD,US dollars
BAC,Bank of America Corporation,NYSE,USD,US dollars
BAH,Booz Allen Hamilton Holding Corporation,NYSE,USD,US dollars
BARC.L,Barclays PLC,LSE,GBP,Pence (GBp)
BAS.DE,BASF SE,XETRA,EUR,Euros
BATG.L,L&G Battery Value-Chain UCITS ETF,LSE,GBP,Pence (GBp)
BATS.L,British American Tobacco p.l.c.,LSE,GBP,Pence (GBp)
BBBY,"Bed Bath & Beyond, Inc.",NYSE,USD,US dollars
BBLNF,Babylon Holdings Limited,OTC Markets OTCPK,USD,US dollars
BE,Bloom Energy Corporation,NYSE,USD,US dollars
BEN,Franklin Templeton Inc.,NYSE,USD,US dollars
BHP.AX,BHP Group Limited,ASX,AUD,Australian dollars
BIIB,Biogen Inc.,NasdaqGS,USD,US dollars
BIRD,"Smartbird, Inc",NasdaqGS,USD,US dollars
BKCG.L,Global X Blockchain UCITS ETF USD Acc,LSE,GBP,Pounds (GBP)
BKCN.L,WisdomTree Blockchain UCITS ETF - USD Acc,LSE,GBP,Pence (GBp)
BKNG,Booking Holdings Inc.,NasdaqGS,USD,US dollars
BLK,"BlackRock, Inc.",NYSE,USD,US dollars
BLKC.L,iShares Blockchain Technology UCITS ETF USD Cap,LSE,GBP,Pounds (GBP)
BLND.L,British Land Company PLC,LSE,GBP,Pence (GBp)
BLNK,Blink Charging Co.,NasdaqCM,USD,US dollars
BLSH,Bullish,NYSE,USD,US dollars
BMBL,Bumble Inc.,NasdaqGS,USD,US dollars
BME.L,B&M European Value Retail plc,LSE,GBP,Pence (GBp)
BMO.TO,Bank of Montreal,Toronto,CAD,Canadian dollars
BMW.DE,Bayerische Motoren Werke Aktiengesellschaft,XETRA,EUR,Euros
BMY,Bristol-Myers Squibb Company,NYSE,USD,US dollars
BNS.TO,The Bank of Nova Scotia,Toronto,CAD,Canadian dollars
BOTZ.L,Global X Robotics & Artificial Intelligence UCITS ETF USD Acc,LSE,USD,US dollars
BP.L,BP p.l.c.,LSE,GBP,Pence (GBp)
BPT.L,Bridgepoint Group plc,LSE,GBP,Pence (GBp)
BRBY.L,Burberry Group plc,LSE,GBP,Pence (GBp)
BRFI.L,BlackRock Frontiers Ord,LSE,GBP,Pence (GBp)
BRK-B,Berkshire Hathaway Inc.,NYSE,USD,US dollars
BRLT,"Brilliant Earth Group, Inc.",NasdaqGM,USD,US dollars
BRWM.L,BlackRock World Mining Trust Ord,LSE,GBP,Pence (GBp)
BT-A.L,BT Group plc,LSE,GBP,Pence (GBp)
BTBT,"Bit Digital, Inc.",NasdaqCM,USD,US dollars
BTCW.L,WisdomTree Physical Bitcoin,LSE,USD,US dollars
BTEC.L,iShares Nasdaq US Biotechnology UCITS ETF USD (Acc),LSE,USD,US dollars
BTRW.L,Barratt Redrow plc,LSE,GBP,Pence (GBp)
BULL,Webull Corporation,NasdaqCM,USD,US dollars
BWXT,"BWX Technologies, Inc.",NYSE,USD,US dollars
BYDDY,BYD Company Limited,OTC Markets OTCPK,USD,US dollars
BYND,"Beyond Meat, Inc.",NasdaqGS,USD,US dollars
C,Citigroup Inc.,NYSE,USD,US dollars
CA.PA,Carrefour SA,Paris,EUR,Euros
CAH,"Cardinal Health, Inc.",NYSE,USD,US dollars
CARP.L,WisdomTree Carbon,LSE,GBP,Pence (GBp)
CB,Chubb Limited,NYSE,USD,US dollars
CBOE,"Cboe Global Markets, Inc.",Cboe US,USD,US dollars
CBOX.L,Cake Box Holdings Plc,LSE,GBP,Pence (GBp)
CBRS,Cerebras Systems Inc.,NasdaqGS,USD,US dollars
CCEP.L,Coca-Cola Europacific Partners PLC,LSE,GBP,Pence (GBp)
CCJ,Cameco Corporation,NYSE,USD,US dollars
CDNS,"Cadence Design Systems, Inc.",NasdaqGS,USD,US dollars
CEG,Constellation Energy Corporation,NasdaqGS,USD,US dollars
CELH,"Celsius Holdings, Inc.",NasdaqCM,USD,US dollars
CHWY,"Chewy, Inc.",NYSE,USD,US dollars
CIFR,Cipher Digital Inc.,NasdaqGS,USD,US dollars
CING,Cingulate Inc.,NasdaqCM,USD,US dollars
CLIG.L,City of London Investment Group Plc,LSE,GBP,Pence (GBp)
CLPHY,CLP Holdings Limited,OTC Markets OTCPK,USD,US dollars
CME,CME Group Inc.,NasdaqGS,USD,US dollars
CML.L,CML Microsystems plc,LSE,GBP,Pence (GBp)
CNA.L,Centrica plc,LSE,GBP,Pence (GBp)
CNQ.TO,Canadian Natural Resources Limited,Toronto,CAD,Canadian dollars
COCO.L,WisdomTree Cocoa,LSE,USD,US dollars
COHR,Coherent Corp.,NYSE,USD,US dollars
COIN,"Coinbase Global, Inc.",NasdaqGS,USD,US dollars
COMG.L,Amundi Bloomberg Equal-weight Commodity ex-Agriculture UCITS ETF Acc,LSE,GBP,Pence (GBp)
COMM.L,iShares Diversified Commodity Swap UCITS ETF,LSE,GBP,Pence (GBp)
COPB.L,WisdomTree Copper,LSE,GBP,Pence (GBp)
CORZ,"Core Scientific, Inc.",NasdaqGS,USD,US dollars
COUR,"Coursera, Inc.",NYSE,USD,US dollars
CPK,Chesapeake Utilities Corporation,NYSE,USD,US dollars
CRCL,Circle Internet Group,NYSE,USD,US dollars
CREI.L,Custodian Property Income REIT Ord,LSE,GBP,Pence (GBp)
CRM,"Salesforce, Inc.",NYSE,USD,US dollars
CRNC,Cerence Inc.,NasdaqGS,USD,US dollars
CRUP.L,WisdomTree WTI Crude Oil,LSE,GBP,Pence (GBp)
CRWD,"CrowdStrike Holdings, Inc.",NasdaqGS,USD,US dollars
CRWV,"CoreWeave, Inc.",NasdaqGS,USD,US dollars
CSCO,"Cisco Systems, Inc.",NasdaqGS,USD,US dollars
CSH2.L,Multi Units Luxembourg - Amundi Smart Overnight Return GBP Hedged UCITS ETF Acc,LSE,GBP,Pence (GBp)
CSIQ,Canadian Solar Inc.,NasdaqGS,USD,US dollars
CTL.L,CleanTech Lithium Plc,LSE,GBP,Pence (GBp)
CVS,CVS Health Corporation,NYSE,USD,US dollars
CVX,Chevron Corporation,NYSE,USD,US dollars
CWR.L,Ceres Power Holdings plc,LSE,GBP,Pence (GBp)
CYSE.L,WisdomTree Cybersecurity UCITS ETF USD Acc,LSE,GBP,Pence (GBp)
D,"Dominion Energy, Inc.",NYSE,USD,US dollars
DAGB.L,VanEck Crypto& Blockchain Innovators ETF A USD Acc,LSE,GBP,Pounds (GBP)
DAL,"Delta Air Lines, Inc.",NYSE,USD,US dollars
DASH,"DoorDash, Inc.",NasdaqGS,USD,US dollars
DBX,"Dropbox, Inc.",NasdaqGS,USD,US dollars
DEBS.L,boohoo group plc,LSE,GBP,Pence (GBp)
DELL,Dell Technologies Inc.,NYSE,USD,US dollars
DIS,The Walt Disney Company,NYSE,USD,US dollars
DNNGY,Ørsted A/S,OTC Markets OTCPK,USD,US dollars
DNUT,"Krispy Kreme, Inc.",NasdaqGS,USD,US dollars
DOCN,"DigitalOcean Holdings, Inc.",NYSE,USD,US dollars
DOCS,"Doximity, Inc.",NYSE,USD,US dollars
DOCU,"DocuSign, Inc.",NasdaqGS,USD,US dollars
DPZ,"Domino's Pizza, Inc.",NasdaqGS,USD,US dollars
DRDR.L,iShares Healthcare Innovation UCITS ETF USD (Acc),LSE,GBP,Pence (GBp)
DRX.L,Drax Group plc,LSE,GBP,Pence (GBp)
EBAY,eBay Inc.,NasdaqGS,USD,US dollars
ECL,Ecolab Inc.,NYSE,USD,US dollars
EIX,Edison International,NYSE,USD,US dollars
EL.PA,EssilorLuxottica Société anonyme,Paris,EUR,Euros
ELE.MC,"Endesa, S.A.",MCE,EUR,Euros
ELVR,Elevra Lithium Limited,NasdaqCM,USD,US dollars
EMG.L,Man Group Plc,LSE,GBP,Pence (GBp)
EMR,Emerson Electric Co.,NYSE,USD,US dollars
ENCG.L,L&G Multi-Strategy Enhanced Commodities UCITS ETF,LSE,GBP,Pence (GBp)
ENEL.MI,Enel SpA,Milan,EUR,Euros
ENGI.PA,Engie SA,Paris,EUR,Euros
ENR.DE,Siemens Energy AG,XETRA,EUR,Euros
EOAN.DE,E.ON SE,XETRA,EUR,Euros
EQIX,"Equinix, Inc.",NasdaqGS,USD,US dollars
EQNR,Equinor ASA,NYSE,USD,US dollars
EQT,EQT Corporation,NYSE,USD,US dollars
ERNS.L,iShares £ Ultrashort Bond UCITS ETF GBP (Dist),LSE,GBP,Pounds (GBP)
ES,Eversource Energy,NYSE,USD,US dollars
ESGB.L,VanEck Video Gaming and eSports UCITS ETF A USD,LSE,GBP,Pounds (GBP)
ESGP.L,Gold Miners Screened UCITS ETF,LSE,GBP,Pence (GBp)
ESIC.L,iShares MSCI Europe Consumer Discretionary Sector UCITS ETF,LSE,GBP,Pounds (GBP)
ESIE.L,iShares MSCI Europe Energy Sector UCITS ETF,LSE,GBP,Pounds (GBP)
ESIF.L,iShares MSCI Europe Financials Sector UCITS ETF,LSE,GBP,Pounds (GBP)
ESIH.L,iShares MSCI Europe Health Care Sector UCITS ETF,LSE,GBP,Pounds (GBP)
ETHW.L,WisdomTree Physical Ethereum ETC,LSE,USD,US dollars
ETL.PA,Eutelsat Communications S.A.,Paris,EUR,Euros
ETR,Entergy Corporation,NYSE,USD,US dollars
ETSY,"Etsy, Inc.",NYSE,USD,US dollars
EVRG,"Evergy, Inc.",NasdaqGS,USD,US dollars
EWI.L,Edinburgh Worldwide Ord,LSE,GBP,Pence (GBp)
EXFY,"Expensify, Inc.",NasdaqGS,USD,US dollars
EXPE,"Expedia Group, Inc.",NasdaqGS,USD,US dollars
EZJ.L,easyJet plc,LSE,GBP,Pence (GBp)
F,Ford Motor Company,NYSE,USD,US dollars
FCH.L,Funding Circle Holdings plc,LSE,GBP,Pence (GBp)
FDX,FedEx Corporation,NYSE,USD,US dollars
FGL,Founder Group Limited,NasdaqCM,USD,US dollars
FIG,"Figma, Inc.",NYSE,USD,US dollars
FORM,"FormFactor, Inc.",NasdaqGS,USD,US dollars
FRSH,Freshworks Inc.,NasdaqGS,USD,US dollars
FRVO,Fervo Energy Company,NasdaqGS,USD,US dollars
FSFL.L,Foresight Solar Fund Limited,LSE,GBP,Pence (GBp)
FSLR,"First Solar, Inc.",NasdaqGS,USD,US dollars
FVR,"FrontView REIT, Inc.",NYSE,USD,US dollars
FVRR,Fiverr International Ltd.,NYSE,USD,US dollars
FXC.L,iShares China Large Cap UCITS ETF USD (Dist),LSE,GBP,Pence (GBp)
FXPO.L,Ferrexpo plc,LSE,GBP,Pence (GBp)
GAP,"The Gap, Inc.",NYSE,USD,US dollars
GDDY,GoDaddy Inc.,NYSE,USD,US dollars
GE,GE Aerospace,NYSE,USD,US dollars
GEHC,GE HealthCare Technologies Inc.,NasdaqGS,USD,US dollars
GEMI,"Gemini Space Station, Inc.",NasdaqGS,USD,US dollars
GEV,GE Vernova Inc.,NYSE,USD,US dollars
GEVO,"Gevo, Inc.",NasdaqCM,USD,US dollars
GLEN.L,Glencore plc,LSE,GBP,Pence (GBp)
GLW,Corning Incorporated,NYSE,USD,US dollars
GM,General Motors Company,NYSE,USD,US dollars
GNOG.L,Global X Genomics & Biotechnology UCITS ETF USD Acc,LSE,GBP,Pounds (GBP)
GOOD,Gladstone Commercial Corporation,NasdaqGS,USD,US dollars
GOOGL,Alphabet Inc.,NasdaqGS,USD,US dollars
GRAB,Grab Holdings Limited,NasdaqGS,USD,US dollars
GRRR,Gorilla Technology Group Inc.,NasdaqCM,USD,US dollars
GS,"The Goldman Sachs Group, Inc.",NYSE,USD,US dollars
GSF.L,Gore Street Energy Storage Fund Ord,LSE,GBP,Pence (GBp)
GSK.L,GSK plc,LSE,GBP,Pence (GBp)
GSPX.L,iShares Core S&P 500 ETF GBPH Dist,LSE,GBP,Pounds (GBP)
GWW,"W.W. Grainger, Inc.",NYSE,USD,US dollars
GYM.L,The Gym Group plc,LSE,GBP,Pence (GBp)
H,Hyatt Hotels Corporation,NYSE,USD,US dollars
HBKS.L,HSBC Global Funds ICAV - Global Sukuk UCITS ETF C USD,LSE,GBP,Pounds (GBP)
HIES.L,HSBC MSCI Emerging Markets Islamic Screened Capped UCITS ETF USD Acc,LSE,GBP,Pounds (GBP)
HIJS.L,HSBC MSCI Japan Islamic Screened UCITS ETF USD Acc,LSE,GBP,Pounds (GBP)
HINS.L,HSBC FTSE EPRA NAREIT Developed Islamic UCITS ETF USD (Acc),LSE,GBP,Pounds (GBP)
HIPS.L,HSBC MSCI Europe Islamic Screened UCITS ETF EUR Acc,LSE,GBP,Pounds (GBP)
HIUS.L,HSBC MSCI USA Islamic Screened UCITS ETF USD Acc,LSE,GBP,Pounds (GBP)
HIWS.L,HSBC MSCI World Islamic Screened UCITS ETF USD Acc,LSE,GBP,Pounds (GBP)
HLAL,Wahed FTSE USA Shariah ETF,NasdaqGM,USD,US dollars
HLN.L,Haleon plc,LSE,GBP,Pence (GBp)
HLNE,Hamilton Lane Incorporated,NasdaqGS,USD,US dollars
HLT,Hilton Worldwide Holdings Inc.,NYSE,USD,US dollars
HMC,"Honda Motor Co., Ltd.",NYSE,USD,US dollars
HOC.L,Hochschild Mining plc,LSE,GBP,Pence (GBp)
HON,Honeywell International Inc.,NasdaqGS,USD,US dollars
HONA,Honeywell Aerospace Inc.,NasdaqGS,USD,US dollars
HOOD,"Robinhood Markets, Inc.",NasdaqGS,USD,US dollars
HPE,Hewlett Packard Enterprise Company,NYSE,USD,US dollars
HSBA.L,HSBC Holdings plc,LSE,GBP,Pence (GBp)
HSX.L,Hiscox Ltd,LSE,GBP,Pence (GBp)
HTHIY,"Hitachi, Ltd.",OTC Markets OTCPK,USD,US dollars
HUBS,"HubSpot, Inc.",NYSE,USD,US dollars
HYL.BR,Hyloris Pharmaceuticals SA,Brussels,EUR,Euros
IAG.L,International Consolidated Airlines Group S.A.,LSE,GBP,Pence (GBp)
IAUS.L,iShares MSCI Australia UCITS ETF USD (Acc),LSE,USD,US dollars
IB1T.L,iShares Bitcoin ETP,LSE,GBP,Pounds (GBP)
IBE.MC,"Iberdrola, S.A.",MCE,EUR,Euros
IBM,International Business Machines Corporation,NYSE,USD,US dollars
IBTL.L,iShares $ Treasury Bond 20+yr UCITS ETF USD (Dist),LSE,GBP,Pence (GBp)
IBZL.L,iShares MSCI Brazil UCITS ETF USD (Dist),LSE,GBP,Pence (GBp)
ICE,"Intercontinental Exchange, Inc.",NYSE,USD,US dollars
ICSU.L,iShares S&P 500 Consumer Staples Sector UCITS ETF USD (Acc),LSE,GBP,Pence (GBp)
IEM.L,Impax Environmental Markets Ord,LSE,GBP,Pence (GBp)
IGDA.L,Invesco Markets II plc - Invesco Dow Jones Islamic Global Developed Markets UCITS ETF USD Acc,LSE,USD,US dollars
IGUS.L,iShares S&P 500 GBP Hedged UCITS ETF (Acc),LSE,GBP,Pence (GBp)
IHCU.L,iShares S&P 500 Health Care Sector UCITS ETF USD (Acc),LSE,GBP,Pence (GBp)
IHG.L,InterContinental Hotels Group PLC,LSE,USD,US dollars
IIND.L,iShares MSCI India UCITS ETF USD Acc,LSE,GBP,Pounds (GBP)
IITU.L,iShares S&P 500 Information Technology Sector UCITS ETF USD (Acc),LSE,GBP,Pence (GBp)
IKSA.L,iShares MSCI Saudi Arabia Capped UCITS ETF USD (Acc),LSE,USD,US dollars
IMAX,IMAX Corporation,NYSE,USD,US dollars
IMB.L,Imperial Brands PLC,LSE,GBP,Pence (GBp)
INCY,Incyte Corporation,NasdaqGS,USD,US dollars
INRG.L,iShares Global Clean Energy Transition UCITS ETF USD (Dist),LSE,GBP,Pence (GBp)
INTC,Intel Corporation,NasdaqGS,USD,US dollars
INTL.L,WisdomTree Artificial Intelligence UCITS ETF - USD Acc,LSE,GBP,Pence (GBp)
INTU,Intuit Inc.,NasdaqGS,USD,US dollars
IONQ,"IonQ, Inc.",NYSE,USD,US dollars
IPGP,IPG Photonics Corporation,NasdaqGS,USD,US dollars
IPX.L,Impax Asset Management Group Plc,LSE,GBP,Pence (GBp)
IQE.L,IQE plc,LSE,GBP,Pence (GBp)
IREN,IREN Limited,NasdaqGS,USD,US dollars
IRM,Iron Mountain Incorporated,NYSE,USD,US dollars
ISF.L,iShares Core FTSE 100 UCITS ETF GBP (Dist),LSE,GBP,Pence (GBp)
ISFR.L,iShares MSCI France UCITS ETF EUR (Acc),LSE,GBP,Pence (GBp)
ISRG,"Intuitive Surgical, Inc.",NasdaqGS,USD,US dollars
ISUS.L,iShares MSCI USA Islamic UCITS ETF USD (Dist),LSE,GBP,Pence (GBp)
ISWD.L,iShares MSCI World Islamic UCITS ETF USD (Dist),LSE,GBP,Pence (GBp)
IT,"Gartner, Inc.",NYSE,USD,US dollars
ITKY.L,iShares MSCI Turkey UCITS ETF USD (Dist),LSE,GBP,Pence (GBp)
ITM.L,ITM Power Plc,LSE,GBP,Pence (GBp)
ITV.L,ITV plc,LSE,GBP,Pence (GBp)
ITW,Illinois Tool Works Inc.,NYSE,USD,US dollars
IUKD.L,iShares UK Dividend UCITS ETF GBP (Dist),LSE,GBP,Pence (GBp)
IUKP.L,iShares UK Property UCITS ETF GBP (Dist),LSE,GBP,Pence (GBp)
IUSF.L,iShares MSCI USA Mid-Cap Equal Weight UCITS ETF,LSE,GBP,Pence (GBp)
IUSU.L,iShares S&P 500 Utilities Sector UCITS ETF USD (Acc),LSE,GBP,Pence (GBp)
IWDG.L,iShares Core MSCI World UCITS ETF GBP Hedged (Dist),LSE,GBP,Pence (GBp)
JBLU,JetBlue Airways Corporation,NasdaqGS,USD,US dollars
JCGI.L,JPMorgan China Growth & Income Ord,LSE,GBP,Pence (GBp)
JEDG.L,VanEck Space Innovators UCITS ETF A USD Acc,LSE,GBP,Pounds (GBP)
JEGP.L,JPM Global Equity Premium Income Active UCITS ETF - USD (dist),LSE,GBP,Pence (GBp)
JEQP.L,JPM Nasdaq Equity Premium Income Active UCITS ETF USD Dist,LSE,GBP,Pence (GBp)
JNJ,Johnson & Johnson,NYSE,USD,US dollars
JPM,JPMorgan Chase & Co.,NYSE,USD,US dollars
KD,"Kyndryl Holdings, Inc.",NYSE,USD,US dollars
KEP,Korea Electric Power Corporation,NYSE,USD,US dollars
KER.PA,Kering SA,Paris,EUR,Euros
KLAC,KLA Corporation,NasdaqGS,USD,US dollars
KMB,Kimberly-Clark Corporation,NasdaqGS,USD,US dollars
KO,The Coca-Cola Company,NYSE,USD,US dollars
KP2.L,Kore Potash plc,LSE,GBP,Pence (GBp)
LAC,Lithium Americas Corp.,NYSE,USD,US dollars
LAC.TO,Lithium Americas Corp.,Toronto,CAD,Canadian dollars
LAND.L,Land Securities Group Plc,LSE,GBP,Pence (GBp)
LAR.TO,Lithium Argentina AG,Toronto,CAD,Canadian dollars
LEU,Centrus Energy Corp.,NYSE,USD,US dollars
LEVI,Levi Strauss & Co.,NYSE,USD,US dollars
LGEN.L,Legal & General Group Plc,LSE,GBP,Pence (GBp)
LITG.L,Global X Lithium & Battery Tech UCITS ETF USD Acc,LSE,GBP,Pounds (GBP)
LIVE.L,Living REIT plc,LSE,GBP,Pence (GBp)
LLOY.L,Lloyds Banking Group plc,LSE,GBP,Pence (GBp)
LLY,Eli Lilly and Company,NYSE,USD,US dollars
LMI3.L,GraniteShares 3x Long MicroStrategy Daily ETP,LSE,GBP,Pence (GBp)
LMND,"Lemonade, Inc.",NYSE,USD,US dollars
LMP.L,LondonMetric Property Plc,LSE,GBP,Pence (GBp)
LMT,Lockheed Martin Corporation,NYSE,USD,US dollars
LNZA,"LanzaTech Global, Inc.",NasdaqCM,USD,US dollars
LOGI,Logitech International S.A.,NasdaqGS,USD,US dollars
LOW,"Lowe's Companies, Inc.",NYSE,USD,US dollars
LRN,"Stride, Inc.",NYSE,USD,US dollars
LSEG.L,London Stock Exchange Group plc,LSE,GBP,Pence (GBp)
LTAM.L,iShares MSCI EM Latin America UCITS ETF USD (Dist),LSE,GBP,Pence (GBp)
LTBR,Lightbridge Corporation,NasdaqCM,USD,US dollars
LTC,"LTC Properties, Inc.",NYSE,USD,US dollars
LULU,lululemon athletica inc.,NasdaqGS,USD,US dollars
LUNR,"Intuitive Machines, Inc.",NasdaqGM,USD,US dollars
LUXG.L,Amundi Index Solutions - Amundi Global Luxury UCITS ETF USD Acc,LSE,GBP,Pence (GBp)
LYFT,"Lyft, Inc.",NasdaqGS,USD,US dollars
MA,Mastercard Incorporated,NYSE,USD,US dollars
MAG5.L,Leverage Shares 5x Long Magnificent 7 ETP Securities,LSE,GBP,Pence (GBp)
MAIN,Main Street Capital Corporation,NYSE,USD,US dollars
MBG.DE,Mercedes-Benz Group AG,XETRA,EUR,Euros
MBGL,"Mobility Global, Inc.",NYSE,USD,US dollars
MCO,Moody's Corporation,NYSE,USD,US dollars
MDB,"MongoDB, Inc.",NasdaqGM,USD,US dollars
MELI,"MercadoLibre, Inc.",NasdaqGS,USD,US dollars
META,"Meta Platforms, Inc.",NasdaqGS,USD,US dollars
MGCI.L,M&G Credit Income Investment Ord,LSE,GBP,Pence (GBp)
MIDD.L,iShares FTSE 250 UCITS ETF GBP (Dist),LSE,GBP,Pence (GBp)
MKS.L,Marks and Spencer Group plc,LSE,GBP,Pence (GBp)
MLPQ.L,Invesco Morningstar US Energy Infrastructure MLP UCITS ETF,LSE,GBP,Pence (GBp)
MMM,3M Company,NYSE,USD,US dollars
MNDI.L,Mondi plc,LSE,GBP,Pence (GBp)
MNDY,monday.com Ltd.,NasdaqGS,USD,US dollars
MNG.L,M&G plc,LSE,GBP,Pence (GBp)
MONY.L,MONY Group plc,LSE,GBP,Pence (GBp)
MOON.L,Moonpig Group PLC,LSE,GBP,Pence (GBp)
MPWR,"Monolithic Power Systems, Inc.",NasdaqGS,USD,US dollars
MRVL,"Marvell Technology, Inc.",NasdaqGS,USD,US dollars
MS,Morgan Stanley,NYSE,USD,US dollars
MSCI,MSCI Inc.,NYSE,USD,US dollars
MSFT,Microsoft Corporation,NasdaqGS,USD,US dollars
MSTR,Strategy Inc,NasdaqGS,USD,US dollars
MU,"Micron Technology, Inc.",NasdaqGS,USD,US dollars
NBIS,Nebius Group N.V.,NasdaqGS,USD,US dollars
NBTX,Nanobiotix S.A.,NasdaqGS,USD,US dollars
NDAQ,"Nasdaq, Inc.",NasdaqGS,USD,US dollars
NEE,"NextEra Energy, Inc.",NYSE,USD,US dollars
NET,"Cloudflare, Inc.",NYSE,USD,US dollars
NFLX,"Netflix, Inc.",NasdaqGS,USD,US dollars
NG.L,National Grid plc,LSE,GBP,Pence (GBp)
NINOY,Nikon Corporation,OTC Markets OTCPK,USD,US dollars
NIO,NIO Inc.,NYSE,USD,US dollars
NKE,"NIKE, Inc.",NYSE,USD,US dollars
NNOX,Nano-X Imaging Ltd.,NasdaqGM,USD,US dollars
NOK,Nokia Oyj,NYSE,USD,US dollars
NOW,"ServiceNow, Inc.",NYSE,USD,US dollars
NRG,"NRG Energy, Inc.",NYSE,USD,US dollars
NRR.L,NewRiver REIT plc,LSE,GBP,Pence (GBp)
NTAP,"NetApp, Inc.",NasdaqGS,USD,US dollars
NTDOY,"Nintendo Co., Ltd.",OTC Markets OTCPK,USD,US dollars
NUCG.L,VanEck Uranium and Nuclear Technologies UCITS ETF A USD Acc,LSE,GBP,Pounds (GBP)
NUE,Nucor Corporation,NYSE,USD,US dollars
NVDA,NVIDIA Corporation,NasdaqGS,USD,US dollars
NVO,Novo Nordisk A/S,NYSE,USD,US dollars
NVTS,Navitas Semiconductor Corporation,NasdaqGM,USD,US dollars
NWE,"NorthWestern Energy Group, Inc.",NasdaqGS,USD,US dollars
NWG.L,NatWest Group plc,LSE,GBP,Pence (GBp)
NXPI,NXP Semiconductors N.V.,NasdaqGS,USD,US dollars
O,Realty Income Corporation,NYSE,USD,US dollars
OCDO.L,Ocado Group plc,LSE,GBP,Pence (GBp)
OKLO,Oklo Inc.,NYSE,USD,US dollars
OKTA,"Okta, Inc.",NasdaqGS,USD,US dollars
OPEN,Opendoor Technologies Inc.,NasdaqGS,USD,US dollars
ORCL,Oracle Corporation,NYSE,USD,US dollars
ORIT.L,Octopus Renewables Infrastructure Ord,LSE,GBP,Pence (GBp)
OTLY,Oatly Group AB,NasdaqGS,USD,US dollars
OXIG.L,Oxford Instruments plc,LSE,GBP,Pence (GBp)
OXY,Occidental Petroleum Corporation,NYSE,USD,US dollars
PANW,"Palo Alto Networks, Inc.",NasdaqGS,USD,US dollars
PATH,"UiPath, Inc.",NYSE,USD,US dollars
PBEE.L,PensionBee Group plc,LSE,GBP,Pence (GBp)
PBR,Petróleo Brasileiro S.A. - Petrobras,NYSE,USD,US dollars
PCG,PG&E Corporation,NYSE,USD,US dollars
PEP,"PepsiCo, Inc.",NasdaqGS,USD,US dollars
PETS.L,Pets at Home Group Plc,LSE,GBP,Pence (GBp)
PFE,Pfizer Inc.,NYSE,USD,US dollars
PG,The Procter & Gamble Company,NYSE,USD,US dollars
PHP.L,Primary Health Properties Plc,LSE,GBP,Pence (GBp)
PI,"Impinj, Inc.",NasdaqGS,USD,US dollars
PINS,"Pinterest, Inc.",NYSE,USD,US dollars
PL,Planet Labs PBC,NYSE,USD,US dollars
PLTR,Palantir Technologies Inc.,NasdaqGS,USD,US dollars
PLUG,Plug Power Inc.,NasdaqCM,USD,US dollars
PM,Philip Morris International Inc.,NYSE,USD,US dollars
PNR,Pentair plc,NYSE,USD,US dollars
POR,Portland General Electric Company,NYSE,USD,US dollars
POWL,"Powell Industries, Inc.",NasdaqGS,USD,US dollars
PPG,"PPG Industries, Inc.",NYSE,USD,US dollars
PPGN.SW,PolyPeptide Group AG,Swiss,CHF,Swiss francs
PSEC,Prospect Capital Corporation,NasdaqGS,USD,US dollars
PSIX,"Power Solutions International, Inc.",NasdaqCM,USD,US dollars
PSN.L,Persimmon Plc,LSE,GBP,Pence (GBp)
PTON,"Peloton Interactive, Inc.",NasdaqGS,USD,US dollars
PVH,PVH Corp.,NYSE,USD,US dollars
PYPL,"PayPal Holdings, Inc.",NasdaqGS,USD,US dollars
QBTS,D-Wave Quantum Inc.,NasdaqGS,USD,US dollars
QCOM,QUALCOMM Incorporated,NasdaqGS,USD,US dollars
QNTM.L,VanEck Quantum Computing UCITS ETF A USD Acc,LSE,USD,US dollars
QUBT,Quantum Computing Inc.,NasdaqCM,USD,US dollars
QUID.L,PIMCO Sterling Short Maturity UCITS ETF,LSE,GBP,Pounds (GBP)
QYLP.L,Global X NASDAQ 100 Covered Call UCITS ETF Dis,LSE,GBP,Pounds (GBP)
R2SC.L,State Street SPDR Russell 2000 US Small Cap UCITS ETF,LSE,GBP,Pounds (GBP)
RACE.MI,Ferrari N.V.,Milan,EUR,Euros
RBLX,Roblox Corporation,NYSE,USD,US dollars
RDDT,"Reddit, Inc.",NYSE,USD,US dollars
RED.MC,"Redeia Corporación, S.A.",MCE,EUR,Euros
REFI,"Chicago Atlantic Real Estate Finance, Inc.",NasdaqGM,USD,US dollars
REGB.L,VanEck Rare Earth and Strategic Metals UCITS ETF A USD Acc,LSE,GBP,Pounds (GBP)
RESI.L,Residential Secure Income Ord,LSE,GBP,Pence (GBp)
RGC,Regencell Bioscience Holdings Limited,NasdaqCM,USD,US dollars
RGL.L,Regional REIT Limited,LSE,GBP,Pence (GBp)
RGTI,"Rigetti Computing, Inc.",NasdaqCM,USD,US dollars
RIO.L,Rio Tinto Group,LSE,GBP,Pence (GBp)
RKLB,Rocket Lab Corporation,NasdaqGS,USD,US dollars
RMS.PA,Hermès International Société en commandite par actions,Paris,EUR,Euros
RNW,ReNew Energy Global Plc,NasdaqGS,USD,US dollars
ROKU,"Roku, Inc.",NasdaqGS,USD,US dollars
ROP,"Roper Technologies, Inc.",NasdaqGS,USD,US dollars
RPD,"Rapid7, Inc.",NasdaqGM,USD,US dollars
RPI.L,Raspberry Pi Holdings plc,LSE,GBP,Pence (GBp)
RWE.DE,RWE Aktiengesellschaft,XETRA,EUR,Euros
RY.TO,Royal Bank of Canada,Toronto,CAD,Canadian dollars
RYAAY,Ryanair Holdings plc,NasdaqGS,USD,US dollars
S,"SentinelOne, Inc.",NYSE,USD,US dollars
SAP,SAP SE,NYSE,USD,US dollars
SBRY.L,J Sainsbury plc,LSE,GBP,Pence (GBp)
SBUX,Starbucks Corporation,NasdaqGS,USD,US dollars
SDLF.L,Standard Life plc,LSE,GBP,Pence (GBp)
SEDG,"SolarEdge Technologies, Inc.",NasdaqGS,USD,US dollars
SEMI.L,iShares MSCI Global Semiconductors UCITS ETF USD Acc,LSE,GBP,Pounds (GBP)
SERE.L,Schroder European Real Estate Inv Trust,LSE,GBP,Pence (GBp)
SFTBY,SoftBank Group Corp.,OTC Markets OTCPK,USD,US dollars
SGE.L,The Sage Group plc,LSE,GBP,Pence (GBp)
SGLN.L,iShares Physical Gold ETC,LSE,GBP,Pence (GBp)
SHEL.L,Shell plc,LSE,GBP,Pence (GBp)
SHOP,Shopify Inc.,NasdaqGS,USD,US dollars
SHW,The Sherwin-Williams Company,NYSE,USD,US dollars
SIVE.ST,Sivers Semiconductors AB (publ),Stockholm,SEK,Swedish kronor
SKUK.AS,iShares $ Sukuk UCITS ETF USD Dis,Amsterdam,USD,US dollars
SLB,SLB N.V.,NYSE,USD,US dollars
SMCI,"Super Micro Computer, Inc.",NasdaqGS,USD,US dollars
SMR,NuScale Power Corporation,NYSE,USD,US dollars
SMSN.IL,"Samsung Electronics Co., Ltd.",IOB,USD,US dollars
SNAP,Snap Inc.,NYSE,USD,US dollars
SNDK,Sandisk Corporation,NasdaqGS,USD,US dollars
SNOW,Snowflake Inc.,NYSE,USD,US dollars
SNPS,"Synopsys, Inc.",NasdaqGS,USD,US dollars
SOFI,"SoFi Technologies, Inc.",NasdaqGS,USD,US dollars
SOI.PA,Soitec SA,Paris,EUR,Euros
SOLS,"Solstice Advanced Materials, Inc.",NasdaqGS,USD,US dollars
SONY,Sony Group Corporation,NYSE,USD,US dollars
SOUN,"SoundHound AI, Inc.",NasdaqGM,USD,US dollars
SPCE,"Virgin Galactic Holdings, Inc.",NYSE,USD,US dollars
SPCX,Space Exploration Technologies Corp.,NasdaqGS,USD,US dollars
SPGI,S&P Global Inc.,NYSE,USD,US dollars
SPGP.L,iShares Gold Producers UCITS ETF USD (Acc),LSE,GBP,Pence (GBp)
SPOT,Spotify Technology S.A.,NYSE,USD,US dollars
SPXCY,Singapore Exchange Limited,OTC Markets OTCQX,USD,US dollars
SRE,Sempra,NYSE,USD,US dollars
SRP.L,Serco Group plc,LSE,GBP,Pence (GBp)
SSE.L,SSE plc,LSE,GBP,Pence (GBp)
SSLN.L,iShares Physical Silver ETC,LSE,GBP,Pence (GBp)
SSTK,"Shutterstock, Inc.",NYSE,USD,US dollars
SSYS,Stratasys Ltd.,NasdaqGS,USD,US dollars
STAG,"STAG Industrial, Inc.",NYSE,USD,US dollars
STLA,Stellantis N.V.,NYSE,USD,US dollars
STM,STMicroelectronics N.V.,NYSE,USD,US dollars
STRA,"Strategic Education, Inc.",NasdaqGS,USD,US dollars
STUB,"StubHub Holdings, Inc.",NYSE,USD,US dollars
STX,Seagate Technology Holdings plc,NasdaqGS,USD,US dollars
SU.PA,Schneider Electric S.E.,Paris,EUR,Euros
SYY,Sysco Corporation,NYSE,USD,US dollars
TATE.L,Tate & Lyle plc,LSE,GBP,Pence (GBp)
TCAP.L,TP ICAP Group PLC,LSE,GBP,Pence (GBp)
TD,The Toronto-Dominion Bank,NYSE,USD,US dollars
TDOC,"Teladoc Health, Inc.",NYSE,USD,US dollars
TEAM,Atlassian Corporation,NasdaqGS,USD,US dollars
TEM,"Tempus AI, Inc.",NasdaqGS,USD,US dollars
TER,"Teradyne, Inc.",NasdaqGS,USD,US dollars
TGT,Target Corporation,NYSE,USD,US dollars
THRL.L,Target Healthcare REIT Ord,LSE,GBP,Pence (GBp)
TIGB.L,Invesco US Treasury Bond 0-1 Year UCITS ETF GBP Hedged Dist,LSE,GBP,Pence (GBp)
TM,Toyota Motor Corporation,NYSE,USD,US dollars
TRIG.L,The Renewables Infrastructure Group Limited,LSE,GBP,Pence (GBp)
TRIP,"Tripadvisor, Inc.",NasdaqGS,USD,US dollars
TRN.L,Trainline plc,LSE,GBP,Pence (GBp)
TROW,"T. Rowe Price Group, Inc.",NasdaqGS,USD,US dollars
TRST.L,Trustpilot Group plc,LSE,GBP,Pence (GBp)
TSCO.L,Tesco PLC,LSE,GBP,Pence (GBp)
TSLA,"Tesla, Inc.",NasdaqGS,USD,US dollars
TTD,"The Trade Desk, Inc.",NasdaqGM,USD,US dollars
TWLO,Twilio Inc.,NYSE,USD,US dollars
TXN,Texas Instruments Incorporated,NasdaqGS,USD,US dollars
UAL,"United Airlines Holdings, Inc.",NasdaqGS,USD,US dollars
UB39.L,UBS MSCI EMU Socially Responsible UCITS ETF EUR dis,LSE,GBP,Pence (GBp)
UBER,"Uber Technologies, Inc.",NYSE,USD,US dollars
UBSG.SW,UBS Group AG,Swiss,CHF,Swiss francs
UIFS.L,iShares S&P 500 Financials Sector UCITS ETF USD (Acc),LSE,GBP,Pence (GBp)
UKW.L,Greencoat UK Wind,LSE,GBP,Pence (GBp)
ULVR.L,Unilever PLC,LSE,GBP,Pence (GBp)
UPS,"United Parcel Service, Inc.",NYSE,USD,US dollars
UPST,"Upstart Holdings, Inc.",NasdaqGS,USD,US dollars
UPWK,Upwork Inc.,NasdaqGS,USD,US dollars
USAR,"USA Rare Earth, Inc.",NasdaqGM,USD,US dollars
V,Visa Inc.,NYSE,USD,US dollars
VALT.L,Valterra Platinum Limited,LSE,GBP,Pence (GBp)
VGER.DE,Vanguard Germany All Cap UCITS ETF EUR Distributing,XETRA,EUR,Euros
VHYL.L,Vanguard FTSE All-World High Dividend Yield UCITS ETF USD Distributing,LSE,GBP,Pounds (GBP)
VLO,Valero Energy Corporation,NYSE,USD,US dollars
VMIG.L,Vanguard FTSE 250 UCITS ETF GBP Accumulation,LSE,GBP,Pounds (GBP)
VOD.L,Vodafone Group Public Limited Company,LSE,GBP,Pence (GBp)
VPNG.L,Global X Data Center REITS & Digital Infrastructure UCITS ETF USD Acc,LSE,GBP,Pounds (GBP)
VRT,Vertiv Holdings Co,NYSE,USD,US dollars
VST,Vistra Corp.,NYSE,USD,US dollars
VUAG.L,Vanguard S&P 500 UCITS ETF USD Accumulation,LSE,GBP,Pounds (GBP)
VUSA.L,Vanguard S&P 500 UCITS ETF,LSE,GBP,Pounds (GBP)
VWDRY,Vestas Wind Systems A/S,OTC Markets OTCPK,USD,US dollars
VWRL.L,Vanguard FTSE All-World UCITS ETF,LSE,GBP,Pounds (GBP)
VWRP.L,Vanguard FTSE All-World UCITS ETF USD Accumulation,LSE,GBP,Pounds (GBP)
W,Wayfair Inc.,NYSE,USD,US dollars
WBD,"Warner Bros. Discovery, Inc.",NasdaqGS,USD,US dollars
WDAY,"Workday, Inc.",NasdaqGS,USD,US dollars
WDC,Western Digital Corporation,NasdaqGS,USD,US dollars
WELP.L,Harbor Health Care UCITS ETF - Accumulating,LSE,GBP,Pence (GBp)
WEN,The Wendy's Company,NasdaqGS,USD,US dollars
WENS.L,iShares MSCI World Energy Sector UCITS ETF USD Inc,LSE,GBP,Pounds (GBP)
WHCA.L,iShares MSCI World Health Care Sector Advanced UCITS ETF USD Acc,LSE,GBP,Pounds (GBP)
WIGG.L,iShares Fallen Angels High Yield Corporate Bond UCITS ETF GBP Hedged (Dist),LSE,GBP,Pounds (GBP)
WISE.L,Wise Group plc,LSE,GBP,Pence (GBp)
WIZZ.L,Wizz Air Holdings Plc,LSE,GBP,Pence (GBp)
WMT,Walmart Inc.,NasdaqGS,USD,US dollars
WW,"WW International, Inc.",NasdaqGM,USD,US dollars
XDN0.L,Xtrackers MSCI Nordic UCITS ETF 1D,LSE,GBP,Pence (GBp)
XEL,Xcel Energy Inc.,NasdaqGS,USD,US dollars
XGLS.L,Xtrackers Physical Gold GBP Hedged ETC,LSE,GBP,Pence (GBp)
XIACY,Xiaomi Corporation,OTC Markets OTCPK,USD,US dollars
XOM,ExxonMobil Holdings Corporation,NYSE,USD,US dollars
XYLP.L,Global X S&P 500 Covered Call UCITS ETF Inc,LSE,GBP,Pounds (GBP)
XYZ,"Block, Inc.",NYSE,USD,US dollars
YCA.L,Yellow Cake plc,LSE,GBP,Pence (GBp)
YUM,"Yum! Brands, Inc.",NYSE,USD,US dollars
ZM,"Zoom Communications, Inc.",NasdaqGS,USD,US dollars
